[
  {
    "name": "Lag Spirit Original",
    "city": "Ormesson-sur-Marne",
    "contactPhone": "",
    "contactEmail": "",
    "facebook": "",
    "instagram": "",
    "helpInfo": "Chapitre Original. Point de contact historique Lag Spirit."
  },
  {
    "name": "Lag Spirit Ariovistos",
    "city": "Strasbourg",
    "contactPhone": "",
    "contactEmail": "",
    "facebook": "",
    "instagram": "",
    "helpInfo": "Chapitre couvrant Strasbourg et sa région."
  },
  {
    "name": "Lag Spirit Ho-Norr",
    "city": "Cambrai",
    "contactPhone": "",
    "contactEmail": "",
    "facebook": "",
    "instagram": "",
    "helpInfo": "Référent secteur Cambrai et environs."
  },
  {
    "name": "Lag Spirit City of Pope",
    "city": "Avignon",
    "contactPhone": "",
    "contactEmail": "",
    "facebook": "",
    "instagram": "",
    "helpInfo": "Couvre Avignon et une partie du Sud-Est."
  },
  {
    "name": "Lag Spirit Svadilfary",
    "city": "Beauvais",
    "contactPhone": "",
    "contactEmail": "",
    "facebook": "",
    "instagram": "",
    "helpInfo": "Chapitre basé à Beauvais (Oise)."
  },
  {
    "name": "Lag Spirit Normaneen",
    "city": "Caen",
    "contactPhone": "",
    "contactEmail": "",
    "facebook": "",
    "instagram": "",
    "helpInfo": "Chapitre Normandie, basé à Caen."
  },
  {
    "name": "Lag Spirit Solvkysten",
    "city": "Bordeaux",
    "contactPhone": "",
    "contactEmail": "",
    "facebook": "",
    "instagram": "",
    "helpInfo": "Chapitre Bordeaux et Sud-Ouest."
  }
]
